#block		time(s)		Gflops/s
2		0.054313		39.539167
4		0.062785		34.203898
8		0.075640		28.390709
16		0.043427		49.45
32		0.037521		57.234694
64		0.035555		60.398101
128		0.040760		52.686542
