#block		time(s)		Gflops/s
2		0.009499		28.260646
4		0.008149		32.942909
8		0.010851		24.738110
16		0.006884		38.991920
32		0.005798		46.297199
64		0.007382		36.36211
128		0.010049		26.711509