#block		time(s)		Gflops/s
2		0.446226		38.500403
4		0.558267		30.773597
8		0.579791		29.631134
16		0.321293		53.470987
32		0.271656		63.241270
64		0.242706		70.784576
128		0.264647		64.916118