#block		time(s)		Gflops/s
2		0.002081		16.125310
4		0.001891		17.746845
8		0.002680		12.520492
16		0.001915		17.525307
32		0.001637		20.494738
64		0.002089		16.063077
128		0.002895		11.589372