#dimension		time(s)		Gflops/s
256		0.039222		0.855498
512		0.300077		0.894555
768		1.062353		0.852795
1024		2.534654		0.847249
